child,parent1,parent2,vivc_number,vivc_color,vivc_species,vivc_pedigree_confirmed_markers,child_Vv_pct,child_NA1_pct,child_NA2_pct,child_Mus_pct,child_EA_pct,child_passQC,p1_Vv_pct,p1_NA1_pct,p1_NA2_pct,p1_Mus_pct,p1_EA_pct,p1_passQC,p2_Vv_pct,p2_NA1_pct,p2_NA2_pct,p2_Mus_pct,p2_EA_pct,p2_passQC,expected_Vv_pct,expected_NA1_pct,expected_NA2_pct,expected_Mus_pct,expected_EA_pct,mean_abs_deviation_pp,max_abs_deviation_pp,ancestry_consistency_score,support_category,existing_marker_support,child_match_methods,p1_match_methods,p2_match_methods,min_confirming_methods,child_ambiguous,p1_ambiguous,p2_ambiguous
ALWOOD,FREDONIA,ATHENS,383,NOIR,VITIS INTERSPECIFIC CROSSING,,32.6,0.0,67.4,0.0,0.1,True,23.6,0.2,76.1,0.0,0.1,True,0.0,50.0,50.0,0.0,0.0,True,11.8,25.1,63.05,0.0,0.05,10.06,25.1,0.8994,weak,ancestry_only,M1_exact|M3_umlaut|M4_hybrid_spacing,M1_exact|M3_umlaut|M4_hybrid_spacing,M1_exact|M3_umlaut|M4_hybrid_spacing,3,False,True,False
AMBER QUEEN,MARION,SCHIAVA GROSSA,413,ROUGE,VITIS INTERSPECIFIC CROSSING,view,50.2,21.0,28.8,0.0,0.0,True,0.0,50.1,49.9,0.0,0.0,True,100.0,0.0,0.0,0.0,0.0,True,50.0,25.05,24.95,0.0,0.0,1.62,4.05,0.9838,strong,SSR/SNP+ancestry,M1_exact|M3_umlaut|M4_hybrid_spacing,M1_exact|M3_umlaut|M4_hybrid_spacing,M1_exact|M3_umlaut|M4_hybrid_spacing,3,False,False,False
AMERBONTE,AMERICA,HERBEMONT,414,ROUGE,VITIS INTERSPECIFIC CROSSING,,35.3,10.8,53.3,0.0,0.6,True,1.6,34.6,63.5,0.0,0.3,True,11.1,12.6,7.8,25.3,43.2,False,6.35,23.6,35.65,12.65,21.75,18.64,28.95,0.8136,weak,ancestry_only,M1_exact|M3_umlaut|M4_hybrid_spacing,M1_exact|M3_umlaut|M4_hybrid_spacing,M1_exact|M3_umlaut|M4_hybrid_spacing,3,False,False,False
ATOKA,AMERICA,DELAWARE,748,NOIR,VITIS INTERSPECIFIC CROSSING,,38.7,10.4,49.9,0.0,1.0,True,1.6,34.6,63.5,0.0,0.3,True,46.1,24.9,29.0,0.0,0.0,True,23.85,29.75,46.25,0.0,0.15,7.74,19.35,0.9226,moderate,ancestry_only,M1_exact|M3_umlaut|M4_hybrid_spacing,M1_exact|M3_umlaut|M4_hybrid_spacing,M1_exact|M3_umlaut|M4_hybrid_spacing,3,False,False,False
AUGUST GIANT,MARION,SCHIAVA GROSSA,769,NOIR,VITIS INTERSPECIFIC CROSSING,,50.0,0.0,50.0,0.0,0.0,True,0.0,50.1,49.9,0.0,0.0,True,100.0,0.0,0.0,0.0,0.0,True,50.0,25.05,24.95,0.0,0.0,10.02,25.05,0.8998,weak,ancestry_only,M1_exact|M3_umlaut|M4_hybrid_spacing,M1_exact|M3_umlaut|M4_hybrid_spacing,M1_exact|M3_umlaut|M4_hybrid_spacing,3,False,False,False
BANNER,LINDLEY,DELAWARE,962,ROSE,VITIS INTERSPECIFIC CROSSING,,50.0,0.0,50.0,0.0,0.0,True,0.0,22.2,77.8,0.0,0.0,True,46.1,24.9,29.0,0.0,0.0,True,23.05,23.55,53.4,0.0,0.0,10.78,26.95,0.8922,weak,ancestry_only,M1_exact|M3_umlaut|M4_hybrid_spacing,M1_exact|M3_umlaut|M4_hybrid_spacing,M1_exact|M3_umlaut|M4_hybrid_spacing,3,False,False,False
BARBABLEU,OLIVETTE NOIRE,MUSCAT HAMBURG,967,NOIR,VITIS VINIFERA LINNÉ SUBSP. SATIVA (DE CANDOLLE) HEGI,view,81.7,16.4,1.8,0.0,0.1,True,100.0,0.0,0.0,0.0,0.0,True,99.9,0.0,0.0,0.0,0.1,True,99.95,0.0,0.0,0.0,0.05,7.3,18.25,0.927,moderate,SSR/SNP+ancestry,M5_fuzzy(r=0.941),M1_exact|M3_umlaut|M4_hybrid_spacing,M1_exact|M3_umlaut|M4_hybrid_spacing,1,False,False,False
BELL,ELVIRA,DELAWARE,1103,BLANC,VITIS INTERSPECIFIC CROSSING,,50.3,33.3,16.5,0.0,0.0,True,22.0,32.3,45.5,0.0,0.2,True,46.1,24.9,29.0,0.0,0.0,True,34.05,28.6,37.25,0.0,0.1,8.36,20.75,0.9164,moderate,ancestry_only,M1_exact|M3_umlaut|M4_hybrid_spacing,M1_exact|M3_umlaut|M4_hybrid_spacing,M1_exact|M3_umlaut|M4_hybrid_spacing,3,False,False,False
BELLINO,BLACK MOROCCO,SCHIAVA GROSSA,1109,NOIR,VITIS VINIFERA LINNÉ SUBSP. SATIVA (DE CANDOLLE) HEGI,view,100.0,0.0,0.0,0.0,0.0,True,100.0,0.0,0.0,0.0,0.0,True,100.0,0.0,0.0,0.0,0.0,True,100.0,0.0,0.0,0.0,0.0,0.0,0.0,1.0,strong,SSR/SNP+ancestry,M1_exact|M3_umlaut|M4_hybrid_spacing,M1_exact|M3_umlaut|M4_hybrid_spacing,M1_exact|M3_umlaut|M4_hybrid_spacing,3,False,False,False
BERCKMANS,DELAWARE,CLINTON,1150,ROSE,VITIS INTERSPECIFIC CROSSING,,41.4,32.8,25.8,0.0,0.0,True,46.1,24.9,29.0,0.0,0.0,True,22.8,50.2,26.9,0.0,0.0,True,34.45,37.55,27.95,0.0,0.0,2.77,6.95,0.9723,strong,ancestry_only,M1_exact|M3_umlaut|M4_hybrid_spacing,M1_exact|M3_umlaut|M4_hybrid_spacing,M1_exact|M3_umlaut|M4_hybrid_spacing,3,False,False,False
BLACK QUEEN,BAILEY,GOLDEN QUEEN,1406,NOIR,VITIS INTERSPECIFIC CROSSING,,69.5,1.3,29.2,0.0,0.0,True,38.6,1.5,59.9,0.0,0.0,True,53.6,0.2,0.0,46.2,0.0,True,46.1,0.85,29.95,23.1,0.0,9.54,23.4,0.9046,moderate,ancestry_only,M1_exact|M3_umlaut|M4_hybrid_spacing,M1_exact|M3_umlaut|M4_hybrid_spacing,M1_exact|M3_umlaut|M4_hybrid_spacing,3,False,False,False
BLACK ROSE,SALEM,CONCORD,1408,NOIR,VITIS INTERSPECIFIC CROSSING,,100.0,0.0,0.0,0.0,0.0,True,50.3,0.0,49.7,0.0,0.0,True,28.4,0.0,71.6,0.0,0.0,True,39.35,0.0,60.65,0.0,0.0,24.26,60.65,0.7574,conflicting,ancestry_only,M5_fuzzy(r=0.947),M1_exact|M3_umlaut|M4_hybrid_spacing,M1_exact|M3_umlaut|M4_hybrid_spacing,1,True,False,False
BLUE EYE,ELLEN SCOTT,AMERICA,1467,NOIR,VITIS INTERSPECIFIC CROSSING,,32.1,34.7,33.2,0.0,0.0,True,66.6,21.8,10.8,0.0,0.8,True,1.6,34.6,63.5,0.0,0.3,True,34.1,28.2,37.15,0.0,0.55,2.6,6.5,0.974,strong,ancestry_only,M1_exact|M3_umlaut|M4_hybrid_spacing,M1_exact|M3_umlaut|M4_hybrid_spacing,M1_exact|M3_umlaut|M4_hybrid_spacing,3,False,False,False
BLUESTAR,FREDONIA,NIAGARA,1471,NOIR,VITIS INTERSPECIFIC CROSSING,,31.9,0.0,68.1,0.0,0.0,True,23.6,0.2,76.1,0.0,0.1,True,50.3,0.5,49.2,0.0,0.0,True,36.95,0.35,62.65,0.0,0.05,2.18,5.45,0.9782,strong,ancestry_only,M1_exact|M3_umlaut|M4_hybrid_spacing,M1_exact|M3_umlaut|M4_hybrid_spacing,M1_exact|M3_umlaut|M4_hybrid_spacing,3,False,True,False
BRILLIANT,LINDLEY,DELAWARE,1686,ROUGE,VITIS INTERSPECIFIC CROSSING,,50.6,0.0,49.4,0.0,0.0,True,0.0,22.2,77.8,0.0,0.0,True,46.1,24.9,29.0,0.0,0.0,True,23.05,23.55,53.4,0.0,0.0,11.02,27.55,0.8898,weak,ancestry_only,M1_exact|M3_umlaut|M4_hybrid_spacing,M1_exact|M3_umlaut|M4_hybrid_spacing,M1_exact|M3_umlaut|M4_hybrid_spacing,3,False,False,False
CABERNET SAUVIGNON,CABERNET FRANC,SAUVIGNON BLANC,1929,NOIR,VITIS VINIFERA LINNÉ SUBSP. SATIVA (DE CANDOLLE) HEGI,view,100.0,0.0,0.0,0.0,0.0,True,100.0,0.0,0.0,0.0,0.0,True,100.0,0.0,0.0,0.0,0.0,True,100.0,0.0,0.0,0.0,0.0,0.0,0.0,1.0,strong,SSR/SNP+ancestry,M1_exact|M3_umlaut|M4_hybrid_spacing,M1_exact|M3_umlaut|M4_hybrid_spacing,M1_exact|M3_umlaut|M4_hybrid_spacing,3,False,False,False
CACO,CONCORD,CATAWBA,1947,ROSE,VITIS INTERSPECIFIC CROSSING,,62.9,0.0,37.1,0.0,0.0,True,28.4,0.0,71.6,0.0,0.0,True,69.7,1.1,29.2,0.0,0.0,True,49.05,0.55,50.4,0.0,0.0,5.54,13.85,0.9446,moderate,ancestry_only,M1_exact|M3_umlaut|M4_hybrid_spacing,M1_exact|M3_umlaut|M4_hybrid_spacing,M1_exact|M3_umlaut|M4_hybrid_spacing,3,False,False,False
CAPTAIN,AMERICA,R.W. MUNSON,2077,NOIR,VITIS INTERSPECIFIC CROSSING,,20.3,21.8,57.8,0.1,0.0,True,1.6,34.6,63.5,0.0,0.3,True,34.9,1.1,64.1,0.0,0.0,True,18.25,17.85,63.8,0.0,0.15,2.45,6.0,0.9755,strong,ancestry_only,M1_exact|M3_umlaut|M4_hybrid_spacing,M1_exact|M3_umlaut|M4_hybrid_spacing,M1_exact|M3_umlaut|M4_hybrid_spacing,3,False,False,False
CAROLINA BLACKROSE,AURELIA,BLACK ROSE,2119,NOIR,VITIS INTERSPECIFIC CROSSING,,86.8,12.2,0.8,0.0,0.2,True,79.2,18.7,1.7,0.0,0.4,True,100.0,0.0,0.0,0.0,0.0,True,89.6,9.35,0.85,0.0,0.2,1.14,2.85,0.9886,strong,ancestry_only,M5_fuzzy(r=0.973),M1_exact|M3_umlaut|M4_hybrid_spacing,M5_fuzzy(r=0.947),1,False,False,True
CLOETA,AMERICA,R.W. MUNSON,2716,NOIR,VITIS INTERSPECIFIC CROSSING,,0.4,49.8,49.6,0.0,0.3,True,1.6,34.6,63.5,0.0,0.3,True,34.9,1.1,64.1,0.0,0.0,True,18.25,17.85,63.8,0.0,0.15,12.83,31.95,0.8717,weak,ancestry_only,M1_exact|M3_umlaut|M4_hybrid_spacing,M1_exact|M3_umlaut|M4_hybrid_spacing,M1_exact|M3_umlaut|M4_hybrid_spacing,3,False,False,False
DELAGO,DELAWARE,GOETHE,3495,ROUGE,VITIS INTERSPECIFIC CROSSING,,50.2,0.0,49.8,0.0,0.0,True,46.1,24.9,29.0,0.0,0.0,True,50.2,0.6,49.2,0.0,0.0,True,48.15,12.75,39.1,0.0,0.0,5.1,12.75,0.949,moderate,ancestry_only,M1_exact|M3_umlaut|M4_hybrid_spacing,M1_exact|M3_umlaut|M4_hybrid_spacing,M1_exact|M3_umlaut|M4_hybrid_spacing,3,False,False,False
DELIZIA DI VAPRIO,SICILIEN,MUSCAT OF ALEXANDRIA,3510,BLANC,VITIS VINIFERA LINNÉ SUBSP. SATIVA (DE CANDOLLE) HEGI,view,100.0,0.0,0.0,0.0,0.0,True,100.0,0.0,0.0,0.0,0.0,True,100.0,0.0,0.0,0.0,0.0,True,100.0,0.0,0.0,0.0,0.0,0.0,0.0,1.0,strong,SSR/SNP+ancestry,M1_exact|M3_umlaut|M4_hybrid_spacing,M1_exact|M3_umlaut|M4_hybrid_spacing,M1_exact|M3_umlaut|M4_hybrid_spacing,3,False,False,False
DIAMOND,CONCORD,IONA,3545,BLANC,VITIS INTERSPECIFIC CROSSING,view,43.1,0.0,56.9,0.0,0.0,True,28.4,0.0,71.6,0.0,0.0,True,0.0,99.5,0.5,0.0,0.0,True,14.2,49.75,36.05,0.0,0.0,19.9,49.75,0.801,weak,SSR/SNP+ancestry,M1_exact|M3_umlaut|M4_hybrid_spacing,M1_exact|M3_umlaut|M4_hybrid_spacing,M1_exact|M3_umlaut|M4_hybrid_spacing,3,False,False,False
DIXIE,SAN JACINTO,BRILLIANT,3592,BLANC,VITIS INTERGENERIC CROSSING,,0.0,0.0,0.0,100.0,0.0,True,0.0,0.0,0.0,99.8,0.2,True,50.6,0.0,49.4,0.0,0.0,True,25.3,0.0,24.7,49.9,0.1,20.04,50.1,0.7996,conflicting,ancestry_only,M1_exact|M3_umlaut|M4_hybrid_spacing,M1_exact|M3_umlaut|M4_hybrid_spacing,M1_exact|M3_umlaut|M4_hybrid_spacing,3,True,False,False
DUNKIRK,BRIGHTON,IONA,3725,ROUGE,VITIS INTERSPECIFIC CROSSING,,57.3,0.0,42.7,0.0,0.0,True,50.8,0.0,49.1,0.0,0.1,True,0.0,99.5,0.5,0.0,0.0,True,25.4,49.75,24.8,0.0,0.05,19.92,49.75,0.8008,weak,ancestry_only,M1_exact|M3_umlaut|M4_hybrid_spacing,M1_exact|M3_umlaut|M4_hybrid_spacing,M1_exact|M3_umlaut|M4_hybrid_spacing,3,False,False,False
ELEVEN POINT,CAPTAIN,TERRET BLANC,3872,NOIR,VITIS INTERSPECIFIC CROSSING,,59.2,8.2,32.7,0.0,0.0,True,20.3,21.8,57.8,0.1,0.0,True,99.8,0.2,0.0,0.0,0.0,True,60.05,11.0,28.9,0.05,0.0,1.5,3.8,0.985,strong,ancestry_only,M1_exact|M3_umlaut|M4_hybrid_spacing,M1_exact|M3_umlaut|M4_hybrid_spacing,M1_exact|M3_umlaut|M4_hybrid_spacing,3,False,False,False
EMPIRE STATE,HARTFORD,CLINTON,3908,BLANC,VITIS INTERSPECIFIC CROSSING,,47.1,1.6,51.3,0.0,0.0,True,18.2,15.2,3.6,29.7,33.3,False,22.8,50.2,26.9,0.0,0.0,True,20.5,32.7,15.25,14.85,16.65,25.05,36.05,0.7495,conflicting,ancestry_only,M1_exact|M3_umlaut|M4_hybrid_spacing,M1_exact|M3_umlaut|M4_hybrid_spacing,M1_exact|M3_umlaut|M4_hybrid_spacing,3,False,False,False
EONA,LADY WASHINGTON,BETA,3918,BLANC,VITIS INTERSPECIFIC CROSSING,,17.4,49.0,33.6,0.0,0.0,True,9.0,18.1,5.1,28.2,39.7,False,29.9,0.0,70.1,0.0,0.0,True,19.45,9.05,37.6,14.1,19.85,15.99,39.95,0.8401,weak,ancestry_only,M1_exact|M3_umlaut|M4_hybrid_spacing,M1_exact|M3_umlaut|M4_hybrid_spacing,M1_exact|M3_umlaut|M4_hybrid_spacing,3,False,False,True
EZERFUERTUE,HARSLEVELUE,GEWUERZTRAMINER,4026,BLANC,VITIS VINIFERA LINNÉ SUBSP. SATIVA (DE CANDOLLE) HEGI,,100.0,0.0,0.0,0.0,0.0,True,100.0,0.0,0.0,0.0,0.0,True,100.0,0.0,0.0,0.0,0.0,True,100.0,0.0,0.0,0.0,0.0,0.0,0.0,1.0,strong,ancestry_only,M5_fuzzy(r=0.952),M5_fuzzy(r=0.952),M5_fuzzy(r=0.966),1,False,False,False
FOSTER'S WHITE SEEDLING,BLACK MOROCCO,SCHIAVA GROSSA,4204,BLANC,VITIS VINIFERA LINNÉ SUBSP. SATIVA (DE CANDOLLE) HEGI,view,100.0,0.0,0.0,0.0,0.0,True,100.0,0.0,0.0,0.0,0.0,True,100.0,0.0,0.0,0.0,0.0,True,100.0,0.0,0.0,0.0,0.0,0.0,0.0,1.0,strong,SSR/SNP+ancestry,M1_exact|M3_umlaut|M4_hybrid_spacing,M1_exact|M3_umlaut|M4_hybrid_spacing,M1_exact|M3_umlaut|M4_hybrid_spacing,3,False,False,False
GOLDEN MUSCAT,MUSCAT HAMBURG,DIAMOND,4881,BLANC,VITIS INTERSPECIFIC CROSSING,view,50.0,50.0,0.0,0.0,0.0,True,99.9,0.0,0.0,0.0,0.1,True,43.1,0.0,56.9,0.0,0.0,True,71.5,0.0,28.45,0.0,0.05,20.0,50.0,0.8,weak,SSR/SNP+ancestry,M1_exact|M3_umlaut|M4_hybrid_spacing,M1_exact|M3_umlaut|M4_hybrid_spacing,M1_exact|M3_umlaut|M4_hybrid_spacing,3,False,False,False
HANOVER,BRIGHTON,NIAGARA,5288,ROUGE,VITIS INTERSPECIFIC CROSSING,view,22.1,0.0,77.9,0.0,0.0,True,50.8,0.0,49.1,0.0,0.1,True,50.3,0.5,49.2,0.0,0.0,True,50.55,0.25,49.15,0.0,0.05,11.5,28.75,0.885,weak,SSR/SNP+ancestry,M1_exact|M3_umlaut|M4_hybrid_spacing,M1_exact|M3_umlaut|M4_hybrid_spacing,M1_exact|M3_umlaut|M4_hybrid_spacing,3,False,False,False
HECTOR,CHASSELAS ROSE,BROCTON,5337,ROSE,VITIS INTERSPECIFIC CROSSING,,76.6,0.0,23.4,0.0,0.0,True,100.0,0.0,0.0,0.0,0.0,True,51.6,0.3,48.2,0.0,0.0,True,75.8,0.15,24.1,0.0,0.0,0.33,0.8,0.9967,strong,ancestry_only,M1_exact|M3_umlaut|M4_hybrid_spacing,M1_exact|M3_umlaut|M4_hybrid_spacing,M1_exact|M3_umlaut|M4_hybrid_spacing,3,False,False,False
HIDALGO,DELAGO,BRILLIANT,5388,BLANC,VITIS INTERSPECIFIC CROSSING,,24.2,25.1,49.9,0.8,0.0,True,50.2,0.0,49.8,0.0,0.0,True,50.6,0.0,49.4,0.0,0.0,True,50.4,0.0,49.6,0.0,0.0,10.48,26.2,0.8952,weak,ancestry_only,M1_exact|M3_umlaut|M4_hybrid_spacing,M1_exact|M3_umlaut|M4_hybrid_spacing,M1_exact|M3_umlaut|M4_hybrid_spacing,3,False,False,False
IONA,CATAWBA,ISABELLA,5543,ROUGE,VITIS INTERSPECIFIC CROSSING,view,0.0,99.5,0.5,0.0,0.0,True,69.7,1.1,29.2,0.0,0.0,True,70.8,17.2,11.4,0.0,0.5,True,70.25,9.15,20.3,0.0,0.25,36.13,90.35,0.6387,conflicting,SSR/SNP+ancestry,M1_exact|M3_umlaut|M4_hybrid_spacing,M1_exact|M3_umlaut|M4_hybrid_spacing,M1_exact|M3_umlaut|M4_hybrid_spacing,3,False,False,False
JANESVILLE,HARTFORD,CLINTON,5666,NOIR,VITIS INTERSPECIFIC CROSSING,,9.0,19.3,6.4,29.6,35.6,False,18.2,15.2,3.6,29.7,33.3,False,22.8,50.2,26.9,0.0,0.0,True,20.5,32.7,15.25,14.85,16.65,13.49,18.95,0.8651,weak,ancestry_only,M1_exact|M3_umlaut|M4_hybrid_spacing,M1_exact|M3_umlaut|M4_hybrid_spacing,M1_exact|M3_umlaut|M4_hybrid_spacing,3,False,False,False
JURANCON NOIR,FOLLE BLANCHE,COT,5862,NOIR,VITIS VINIFERA LINNÉ SUBSP. SATIVA (DE CANDOLLE) HEGI,view,100.0,0.0,0.0,0.0,0.0,True,100.0,0.0,0.0,0.0,0.0,True,99.9,0.1,0.0,0.0,0.0,True,99.95,0.05,0.0,0.0,0.0,0.02,0.05,0.9998,strong,SSR/SNP+ancestry,M5_fuzzy(r=0.960),M1_exact|M3_umlaut|M4_hybrid_spacing,M2_alias,1,False,False,False
KERNER,SCHIAVA GROSSA,RIESLING WEISS,6123,BLANC,VITIS VINIFERA LINNÉ SUBSP. SATIVA (DE CANDOLLE) HEGI,view,100.0,0.0,0.0,0.0,0.0,True,100.0,0.0,0.0,0.0,0.0,True,99.6,0.0,0.0,0.4,0.0,True,99.8,0.0,0.0,0.2,0.0,0.08,0.2,0.9992,strong,SSR/SNP+ancestry,M1_exact|M3_umlaut|M4_hybrid_spacing,M1_exact|M3_umlaut|M4_hybrid_spacing,M2_alias,1,False,False,False
KEUKA,CHASSELAS ROSE,MILLS,6131,ROSE,VITIS INTERSPECIFIC CROSSING,,88.8,0.0,11.2,0.0,0.0,True,100.0,0.0,0.0,0.0,0.0,True,49.4,34.6,15.8,0.0,0.1,True,74.7,17.3,7.9,0.0,0.05,6.95,17.3,0.9305,moderate,ancestry_only,M1_exact|M3_umlaut|M4_hybrid_spacing,M1_exact|M3_umlaut|M4_hybrid_spacing,M1_exact|M3_umlaut|M4_hybrid_spacing,3,False,False,False
LADY PATRICIA,SEIBEL 14665,DATTIER DE ST. VALLIER,6633,BLANC,VITIS INTERSPECIFIC CROSSING,,67.7,28.8,2.9,0.0,0.6,True,72.0,1.0,26.8,0.0,0.1,True,77.7,18.6,3.1,0.0,0.5,True,74.85,9.8,14.95,0.0,0.3,7.7,19.0,0.923,moderate,ancestry_only,M5_fuzzy(r=0.929),M1_exact|M3_umlaut|M4_hybrid_spacing,M1_exact|M3_umlaut|M4_hybrid_spacing,1,False,False,False
LAKE EMERALD,PIXIOLA,GOLDEN MUSCAT,6673,BLANC,VITIS INTERSPECIFIC CROSSING,,8.9,18.0,3.7,32.9,36.4,False,3.4,0.0,96.6,0.0,0.0,True,50.0,50.0,0.0,0.0,0.0,True,26.7,25.0,48.3,0.0,0.0,27.74,44.6,0.7226,conflicting,ancestry_only,M1_exact|M3_umlaut|M4_hybrid_spacing,M1_exact|M3_umlaut|M4_hybrid_spacing,M1_exact|M3_umlaut|M4_hybrid_spacing,3,False,False,False
MANITO,AMERICA,BRILLIANT,7333,NOIR,VITIS INTERSPECIFIC CROSSING,,24.5,16.4,59.0,0.0,0.0,True,1.6,34.6,63.5,0.0,0.3,True,50.6,0.0,49.4,0.0,0.0,True,26.1,17.3,56.45,0.0,0.15,1.04,2.55,0.9896,strong,ancestry_only,M1_exact|M3_umlaut|M4_hybrid_spacing,M1_exact|M3_umlaut|M4_hybrid_spacing,M1_exact|M3_umlaut|M4_hybrid_spacing,3,False,False,False
MERICADEL,AMERICA,DELAWARE,7649,NOIR,VITIS INTERSPECIFIC CROSSING,,25.4,23.1,51.6,0.0,0.0,True,1.6,34.6,63.5,0.0,0.3,True,46.1,24.9,29.0,0.0,0.0,True,23.85,29.75,46.25,0.0,0.15,2.74,6.65,0.9726,strong,ancestry_only,M1_exact|M3_umlaut|M4_hybrid_spacing,M1_exact|M3_umlaut|M4_hybrid_spacing,M1_exact|M3_umlaut|M4_hybrid_spacing,3,False,False,False
MOORED,FREDONIA,ATHENS,7973,ROUGE,VITIS INTERSPECIFIC CROSSING,,34.0,0.0,66.0,0.0,0.0,True,23.6,0.2,76.1,0.0,0.1,True,0.0,50.0,50.0,0.0,0.0,True,11.8,25.1,63.05,0.0,0.05,10.06,25.1,0.8994,weak,ancestry_only,M1_exact|M3_umlaut|M4_hybrid_spacing,M1_exact|M3_umlaut|M4_hybrid_spacing,M1_exact|M3_umlaut|M4_hybrid_spacing,3,False,True,False
MOYER,DELAWARE,PINOT MEUNIER,8096,ROUGE,VITIS INTERSPECIFIC CROSSING,,21.6,17.4,61.0,0.0,0.0,True,46.1,24.9,29.0,0.0,0.0,True,100.0,0.0,0.0,0.0,0.0,True,73.05,12.45,14.5,0.0,0.0,20.58,51.45,0.7942,conflicting,ancestry_only,M1_exact|M3_umlaut|M4_hybrid_spacing,M1_exact|M3_umlaut|M4_hybrid_spacing,M1_exact|M3_umlaut|M4_hybrid_spacing,3,False,False,False
MUSCAT HAMBURG,SCHIAVA GROSSA,MUSCAT OF ALEXANDRIA,8226,NOIR,VITIS VINIFERA LINNÉ SUBSP. SATIVA (DE CANDOLLE) HEGI,view,99.9,0.0,0.0,0.0,0.1,True,100.0,0.0,0.0,0.0,0.0,True,100.0,0.0,0.0,0.0,0.0,True,100.0,0.0,0.0,0.0,0.0,0.04,0.1,0.9996,strong,SSR/SNP+ancestry,M1_exact|M3_umlaut|M4_hybrid_spacing,M1_exact|M3_umlaut|M4_hybrid_spacing,M1_exact|M3_umlaut|M4_hybrid_spacing,3,False,False,False
NEW YORK MUSCAT,MUSCAT HAMBURG,ONTARIO,8528,NOIR,VITIS INTERSPECIFIC CROSSING,view,68.6,0.0,31.4,0.0,0.0,True,99.9,0.0,0.0,0.0,0.1,True,45.5,0.0,54.5,0.0,0.0,True,72.7,0.0,27.25,0.0,0.05,1.66,4.15,0.9834,strong,SSR/SNP+ancestry,M1_exact|M3_umlaut|M4_hybrid_spacing,M1_exact|M3_umlaut|M4_hybrid_spacing,M1_exact|M3_umlaut|M4_hybrid_spacing,3,False,False,True
NOBLE,THOMAS,TARHEEL,8574,NOIR,MUSCADINIA INTERSPECIFIC CROSSING,,0.0,0.0,0.0,100.0,0.0,True,0.1,0.0,0.0,99.9,0.0,True,0.0,0.0,0.0,100.0,0.0,True,0.05,0.0,0.0,99.95,0.0,0.02,0.05,0.9998,strong,ancestry_only,M1_exact|M3_umlaut|M4_hybrid_spacing,M1_exact|M3_umlaut|M4_hybrid_spacing,M1_exact|M3_umlaut|M4_hybrid_spacing,3,False,False,False
NORTH FORK,AGAWAM,EARLY DAISY,8595,NOIR,VITIS INTERSPECIFIC CROSSING,,9.0,18.4,5.4,30.6,36.6,False,50.0,1.0,49.0,0.0,0.0,True,12.9,18.5,68.6,0.0,0.0,True,31.45,9.75,58.8,0.0,0.0,30.34,53.4,0.6966,conflicting,ancestry_only,M1_exact|M3_umlaut|M4_hybrid_spacing,M1_exact|M3_umlaut|M4_hybrid_spacing,M1_exact|M3_umlaut|M4_hybrid_spacing,3,False,False,False
NORWOOD,CONCORD,SCHIAVA GROSSA,8603,NOIR,VITIS INTERSPECIFIC CROSSING,,50.0,0.3,49.7,0.0,0.0,True,28.4,0.0,71.6,0.0,0.0,True,100.0,0.0,0.0,0.0,0.0,True,64.2,0.0,35.8,0.0,0.0,5.68,14.2,0.9432,moderate,ancestry_only,M1_exact|M3_umlaut|M4_hybrid_spacing,M1_exact|M3_umlaut|M4_hybrid_spacing,M1_exact|M3_umlaut|M4_hybrid_spacing,3,False,False,False
ONTARIO,WINCHELL,DIAMOND,8776,BLANC,VITIS INTERSPECIFIC CROSSING,view,45.5,0.0,54.5,0.0,0.0,True,62.8,27.1,9.4,0.0,0.7,True,43.1,0.0,56.9,0.0,0.0,True,52.95,13.55,33.15,0.0,0.35,8.54,21.35,0.9146,moderate,SSR/SNP+ancestry,M1_exact|M3_umlaut|M4_hybrid_spacing,M1_exact|M3_umlaut|M4_hybrid_spacing,M1_exact|M3_umlaut|M4_hybrid_spacing,3,True,False,False
OZARK PRIZE,DR. COLLIER,SHERIDAN,8856,NOIR,VITIS INTERSPECIFIC CROSSING,,9.0,19.3,6.4,29.6,35.6,False,17.5,0.0,82.5,0.0,0.0,True,38.1,0.0,61.9,0.0,0.0,True,27.8,0.0,72.2,0.0,0.0,33.82,65.8,0.6618,conflicting,ancestry_only,M1_exact|M3_umlaut|M4_hybrid_spacing,M1_exact|M3_umlaut|M4_hybrid_spacing,M1_exact|M3_umlaut|M4_hybrid_spacing,3,False,False,False
GRAVESAC,COUDERC 161- 49,COUDERC 3309,9315,,VITIS INTERSPECIFIC CROSSING,view,0.0,85.3,14.7,0.0,0.0,True,0.0,53.9,46.1,0.0,0.0,True,0.0,100.0,0.0,0.0,0.0,True,0.0,76.95,23.05,0.0,0.0,3.34,8.35,0.9666,strong,SSR/SNP+ancestry,M1_exact|M3_umlaut|M4_hybrid_spacing,M3_umlaut|M4_hybrid_spacing,M1_exact|M3_umlaut|M4_hybrid_spacing,2,False,False,False
RELIANCE,ONTARIO,SUFFOLK RED,10009,ROUGE,VITIS INTERSPECIFIC CROSSING,view,54.1,0.0,45.9,0.0,0.0,True,45.5,0.0,54.5,0.0,0.0,True,66.4,0.3,33.4,0.0,0.0,True,55.95,0.15,43.95,0.0,0.0,0.79,1.95,0.9921,strong,SSR/SNP+ancestry,M1_exact|M3_umlaut|M4_hybrid_spacing,M1_exact|M3_umlaut|M4_hybrid_spacing,M1_exact|M3_umlaut|M4_hybrid_spacing,3,True,True,False
RELIANCE,DELAWARE,IONA,10010,ROUGE,VITIS INTERSPECIFIC CROSSING,,54.1,0.0,45.9,0.0,0.0,True,46.1,24.9,29.0,0.0,0.0,True,0.0,99.5,0.5,0.0,0.0,True,23.05,62.2,14.75,0.0,0.0,24.88,62.2,0.7512,conflicting,ancestry_only,M1_exact|M3_umlaut|M4_hybrid_spacing,M1_exact|M3_umlaut|M4_hybrid_spacing,M1_exact|M3_umlaut|M4_hybrid_spacing,3,True,False,False
RIPLEY,WINCHELL,DIAMOND,10107,BLANC,VITIS INTERSPECIFIC CROSSING,,49.4,0.0,50.6,0.0,0.0,True,62.8,27.1,9.4,0.0,0.7,True,43.1,0.0,56.9,0.0,0.0,True,52.95,13.55,33.15,0.0,0.35,6.98,17.45,0.9302,moderate,ancestry_only,M1_exact|M3_umlaut|M4_hybrid_spacing,M1_exact|M3_umlaut|M4_hybrid_spacing,M1_exact|M3_umlaut|M4_hybrid_spacing,3,False,False,False
ROMMEL,ELVIRA,TRIUMPH,10184,BLANC,VITIS INTERSPECIFIC CROSSING,,43.2,0.0,56.8,0.0,0.0,True,22.0,32.3,45.5,0.0,0.2,True,0.0,99.9,0.0,0.0,0.1,True,11.0,66.1,22.75,0.0,0.15,26.5,66.1,0.735,conflicting,ancestry_only,M1_exact|M3_umlaut|M4_hybrid_spacing,M1_exact|M3_umlaut|M4_hybrid_spacing,M1_exact|M3_umlaut|M4_hybrid_spacing,3,False,False,True
ROSEBELLE,FREDONIA,NIAGARA,10207,ROUGE,VITIS INTERSPECIFIC CROSSING,,32.0,0.0,68.0,0.0,0.0,True,23.6,0.2,76.1,0.0,0.1,True,50.3,0.5,49.2,0.0,0.0,True,36.95,0.35,62.65,0.0,0.05,2.14,5.35,0.9786,strong,ancestry_only,M1_exact|M3_umlaut|M4_hybrid_spacing,M1_exact|M3_umlaut|M4_hybrid_spacing,M1_exact|M3_umlaut|M4_hybrid_spacing,3,False,True,False
ROTBERGER,SCHIAVA GROSSA,RIESLING WEISS,10230,NOIR,VITIS VINIFERA LINNÉ SUBSP. SATIVA (DE CANDOLLE) HEGI,view,100.0,0.0,0.0,0.0,0.0,True,100.0,0.0,0.0,0.0,0.0,True,99.6,0.0,0.0,0.4,0.0,True,99.8,0.0,0.0,0.2,0.0,0.08,0.2,0.9992,strong,SSR/SNP+ancestry,M1_exact|M3_umlaut|M4_hybrid_spacing,M1_exact|M3_umlaut|M4_hybrid_spacing,M2_alias,1,False,False,False
RUBIRED,ALICANTE GANZIN,TINTO CAO,10308,NOIR,VITIS INTERSPECIFIC CROSSING,view,87.1,12.3,0.6,0.0,0.0,True,79.2,20.5,0.3,0.0,0.0,True,100.0,0.0,0.0,0.0,0.0,True,89.6,10.25,0.15,0.0,0.0,1.0,2.5,0.99,strong,SSR/SNP+ancestry,M1_exact|M3_umlaut|M4_hybrid_spacing,M1_exact|M3_umlaut|M4_hybrid_spacing,M1_exact|M3_umlaut|M4_hybrid_spacing,3,True,False,False
RUBY,BRIGHTON,ELVIRA,10311,NOIR,VITIS INTERSPECIFIC CROSSING,,69.6,0.0,30.4,0.0,0.0,True,50.8,0.0,49.1,0.0,0.1,True,22.0,32.3,45.5,0.0,0.2,True,36.4,16.15,47.3,0.0,0.15,13.28,33.2,0.8672,weak,ancestry_only,M1_exact|M3_umlaut|M4_hybrid_spacing,M1_exact|M3_umlaut|M4_hybrid_spacing,M1_exact|M3_umlaut|M4_hybrid_spacing,3,True,False,False
RUBY,KEUKA,ONTARIO,10315,ROUGE,VITIS INTERSPECIFIC CROSSING,,69.6,0.0,30.4,0.0,0.0,True,88.8,0.0,11.2,0.0,0.0,True,45.5,0.0,54.5,0.0,0.0,True,67.15,0.0,32.85,0.0,0.0,0.98,2.45,0.9902,strong,ancestry_only,M1_exact|M3_umlaut|M4_hybrid_spacing,M1_exact|M3_umlaut|M4_hybrid_spacing,M1_exact|M3_umlaut|M4_hybrid_spacing,3,True,False,True
SANALBA,SAN JACINTO,BRILLIANT,10673,BLANC,VITIS INTERGENERIC CROSSING,,0.8,0.0,0.0,99.2,0.0,True,0.0,0.0,0.0,99.8,0.2,True,50.6,0.0,49.4,0.0,0.0,True,25.3,0.0,24.7,49.9,0.1,19.72,49.3,0.8028,weak,ancestry_only,M1_exact|M3_umlaut|M4_hybrid_spacing,M1_exact|M3_umlaut|M4_hybrid_spacing,M1_exact|M3_umlaut|M4_hybrid_spacing,3,False,False,False
SANMONTA,SAN JACINTO,BRILLIANT,10686,NOIR,VITIS INTERGENERIC CROSSING,,0.0,0.0,0.0,100.0,0.0,True,0.0,0.0,0.0,99.8,0.2,True,50.6,0.0,49.4,0.0,0.0,True,25.3,0.0,24.7,49.9,0.1,20.04,50.1,0.7996,conflicting,ancestry_only,M1_exact|M3_umlaut|M4_hybrid_spacing,M1_exact|M3_umlaut|M4_hybrid_spacing,M1_exact|M3_umlaut|M4_hybrid_spacing,3,False,False,False
SCARLET,GOLDEN MUSCAT,TEINTURIER,10809,NOIR,VITIS INTERSPECIFIC CROSSING,,85.9,0.0,14.1,0.0,0.0,True,50.0,50.0,0.0,0.0,0.0,True,100.0,0.0,0.0,0.0,0.0,True,75.0,25.0,0.0,0.0,0.0,10.0,25.0,0.9,moderate,ancestry_only,M1_exact|M3_umlaut|M4_hybrid_spacing,M1_exact|M3_umlaut|M4_hybrid_spacing,M1_exact|M3_umlaut|M4_hybrid_spacing,3,False,False,False
SECRETARY,CLINTON,MUSCAT HAMBURG,10853,NOIR,VITIS INTERSPECIFIC CROSSING,,50.1,49.9,0.0,0.0,0.0,True,22.8,50.2,26.9,0.0,0.0,True,99.9,0.0,0.0,0.0,0.1,True,61.35,25.1,13.45,0.0,0.05,9.91,24.8,0.9009,moderate,ancestry_only,M1_exact|M3_umlaut|M4_hybrid_spacing,M1_exact|M3_umlaut|M4_hybrid_spacing,M1_exact|M3_umlaut|M4_hybrid_spacing,3,False,False,False
SEIBEL 110,MUNSON,DURIF,10891,NOIR,VITIS INTERSPECIFIC CROSSING,view,57.9,1.8,39.8,0.0,0.5,True,24.9,19.0,56.1,0.0,0.0,True,100.0,0.0,0.0,0.0,0.0,True,62.45,9.5,28.05,0.0,0.0,4.9,11.75,0.951,strong,ancestry_only,M5_fuzzy(r=0.952),M1_exact|M3_umlaut|M4_hybrid_spacing,M1_exact|M3_umlaut|M4_hybrid_spacing,1,False,False,False
SEIBEL 446,MUNSON,HERBEMONT,10940,NOIR,VITIS INTERSPECIFIC CROSSING,,0.0,1.1,98.9,0.0,0.0,True,24.9,19.0,56.1,0.0,0.0,True,11.1,12.6,7.8,25.3,43.2,False,18.0,15.8,31.95,12.65,21.6,26.78,66.95,0.7322,conflicting,ancestry_only,M5_fuzzy(r=0.952),M1_exact|M3_umlaut|M4_hybrid_spacing,M1_exact|M3_umlaut|M4_hybrid_spacing,1,False,False,False
SEYVE VILLARD 12- 303,SEIBEL 6468,SUBEREUX,11581,BLANC,VITIS INTERSPECIFIC CROSSING,view,58.0,29.5,11.9,0.0,0.7,True,0.0,54.2,45.6,0.0,0.2,True,75.8,20.1,3.0,0.0,1.1,True,37.9,37.15,24.3,0.0,0.65,8.04,20.1,0.9196,moderate,SSR/SNP+ancestry,M3_umlaut|M4_hybrid_spacing,M1_exact|M3_umlaut|M4_hybrid_spacing,M1_exact|M3_umlaut|M4_hybrid_spacing,2,False,False,False
SEYVE VILLARD 12- 308,SEIBEL 6468,SUBEREUX,11582,NOIR,VITIS INTERSPECIFIC CROSSING,view,66.4,25.6,6.5,0.5,1.0,True,0.0,54.2,45.6,0.0,0.2,True,75.8,20.1,3.0,0.0,1.1,True,37.9,37.15,24.3,0.0,0.65,11.74,28.5,0.8826,weak,SSR/SNP+ancestry,M3_umlaut|M4_hybrid_spacing,M1_exact|M3_umlaut|M4_hybrid_spacing,M1_exact|M3_umlaut|M4_hybrid_spacing,2,False,False,False
SEYVE VILLARD 12- 331,SEIBEL 6468,SUBEREUX,11585,BLANC,VITIS INTERSPECIFIC CROSSING,,63.4,36.6,0.0,0.0,0.0,True,0.0,54.2,45.6,0.0,0.2,True,75.8,20.1,3.0,0.0,1.1,True,37.9,37.15,24.3,0.0,0.65,10.2,25.5,0.898,weak,ancestry_only,M3_umlaut|M4_hybrid_spacing,M1_exact|M3_umlaut|M4_hybrid_spacing,M1_exact|M3_umlaut|M4_hybrid_spacing,2,False,False,False
SEYVE VILLARD 12- 347,SEIBEL 6468,SUBEREUX,11587,NOIR,VITIS INTERSPECIFIC CROSSING,view,80.2,15.6,3.4,0.0,0.8,True,0.0,54.2,45.6,0.0,0.2,True,75.8,20.1,3.0,0.0,1.1,True,37.9,37.15,24.3,0.0,0.65,16.98,42.3,0.8302,weak,SSR/SNP+ancestry,M5_fuzzy(r=0.927),M1_exact|M3_umlaut|M4_hybrid_spacing,M1_exact|M3_umlaut|M4_hybrid_spacing,1,False,False,False
SEYVE VILLARD 12- 358,SEIBEL 6468,SUBEREUX,11589,BLANC,VITIS INTERSPECIFIC CROSSING,view,61.3,31.3,6.7,0.0,0.7,True,0.0,54.2,45.6,0.0,0.2,True,75.8,20.1,3.0,0.0,1.1,True,37.9,37.15,24.3,0.0,0.65,9.38,23.4,0.9062,moderate,SSR/SNP+ancestry,M3_umlaut|M4_hybrid_spacing,M1_exact|M3_umlaut|M4_hybrid_spacing,M1_exact|M3_umlaut|M4_hybrid_spacing,2,False,False,False
SEYVE VILLARD 12- 390,SEIBEL 6468,SUBEREUX,11592,NOIR,VITIS INTERSPECIFIC CROSSING,,65.5,31.6,2.5,0.0,0.5,True,0.0,54.2,45.6,0.0,0.2,True,75.8,20.1,3.0,0.0,1.1,True,37.9,37.15,24.3,0.0,0.65,11.02,27.6,0.8898,weak,ancestry_only,M3_umlaut|M4_hybrid_spacing,M1_exact|M3_umlaut|M4_hybrid_spacing,M1_exact|M3_umlaut|M4_hybrid_spacing,2,False,False,False
SEYVE VILLARD 12- 401,SEIBEL 6468,SUBEREUX,11596,NOIR,VITIS INTERSPECIFIC CROSSING,,64.7,30.6,4.6,0.0,0.2,True,0.0,54.2,45.6,0.0,0.2,True,75.8,20.1,3.0,0.0,1.1,True,37.9,37.15,24.3,0.0,0.65,10.7,26.8,0.893,weak,ancestry_only,M3_umlaut|M4_hybrid_spacing,M1_exact|M3_umlaut|M4_hybrid_spacing,M1_exact|M3_umlaut|M4_hybrid_spacing,2,False,False,False
SOVEREIGN CORONATION,LADY PATRICIA,HIMROD,11944,NOIR,VITIS INTERSPECIFIC CROSSING,,50.2,30.3,19.5,0.0,0.0,True,67.7,28.8,2.9,0.0,0.6,True,63.9,0.0,36.1,0.0,0.0,True,65.8,14.4,19.5,0.0,0.3,6.36,15.9,0.9364,moderate,ancestry_only,M1_exact|M3_umlaut|M4_hybrid_spacing,M5_fuzzy(r=0.929),M1_exact|M3_umlaut|M4_hybrid_spacing,1,False,False,False
SOVEREIGN TIARA,GOLDEN MUSCAT,MARECHAL FOCH,11962,BLANC,VITIS INTERSPECIFIC CROSSING,view,59.1,26.3,14.6,0.0,0.0,True,50.0,50.0,0.0,0.0,0.0,True,57.8,39.5,2.4,0.0,0.3,True,53.9,44.75,1.2,0.0,0.15,7.44,18.45,0.9256,moderate,SSR/SNP+ancestry,M1_exact|M3_umlaut|M4_hybrid_spacing,M1_exact|M3_umlaut|M4_hybrid_spacing,M5_fuzzy(r=0.923),1,False,False,False
STEUBEN,WAYNE,SHERIDAN,12009,NOIR,VITIS INTERSPECIFIC CROSSING,,51.9,0.0,48.1,0.0,0.0,True,56.5,6.6,36.9,0.0,0.0,True,38.1,0.0,61.9,0.0,0.0,True,47.3,3.3,49.4,0.0,0.0,1.84,4.6,0.9816,strong,ancestry_only,M1_exact|M3_umlaut|M4_hybrid_spacing,M1_exact|M3_umlaut|M4_hybrid_spacing,M1_exact|M3_umlaut|M4_hybrid_spacing,3,False,False,False
SUPER HAMBURG,CAMPBELL EARLY,MUSCAT HAMBURG,12079,NOIR,VITIS INTERSPECIFIC CROSSING,,9.0,19.3,12.3,29.7,29.7,False,23.8,0.3,76.0,0.0,0.0,True,99.9,0.0,0.0,0.0,0.1,True,61.85,0.15,38.0,0.0,0.05,31.41,52.85,0.6859,conflicting,ancestry_only,M1_exact|M3_umlaut|M4_hybrid_spacing,M1_exact|M3_umlaut|M4_hybrid_spacing,M1_exact|M3_umlaut|M4_hybrid_spacing,3,False,False,False
VALHALLAH,ELVICAND,BRILLIANT,12874,ROUGE,VITIS INTERSPECIFIC CROSSING,,12.0,16.7,6.3,29.3,35.8,False,13.3,13.1,73.6,0.0,0.0,True,50.6,0.0,49.4,0.0,0.0,True,31.95,6.55,61.5,0.0,0.0,30.08,55.2,0.6992,conflicting,ancestry_only,M1_exact|M3_umlaut|M4_hybrid_spacing,M1_exact|M3_umlaut|M4_hybrid_spacing,M1_exact|M3_umlaut|M4_hybrid_spacing,3,False,False,False
VEEPORT,WILDER,WINCHELL,12925,NOIR,VITIS INTERSPECIFIC CROSSING,,43.8,11.7,44.5,0.0,0.0,True,50.3,0.3,49.4,0.0,0.0,True,62.8,27.1,9.4,0.0,0.7,True,56.55,13.7,29.4,0.0,0.35,6.04,15.1,0.9396,moderate,ancestry_only,M1_exact|M3_umlaut|M4_hybrid_spacing,M1_exact|M3_umlaut|M4_hybrid_spacing,M1_exact|M3_umlaut|M4_hybrid_spacing,3,False,False,False
VICTOR,SICILIEN,MOSCATO D'ADDA,13030,BLANC,VITIS VINIFERA LINNÉ SUBSP. SATIVA (DE CANDOLLE) HEGI,view,8.5,15.9,7.2,38.5,29.8,False,100.0,0.0,0.0,0.0,0.0,True,100.0,0.0,0.0,0.0,0.0,True,100.0,0.0,0.0,0.0,0.0,36.58,91.5,0.6342,conflicting,SSR/SNP+ancestry,M1_exact|M3_umlaut|M4_hybrid_spacing,M1_exact|M3_umlaut|M4_hybrid_spacing,M1_exact|M3_umlaut|M4_hybrid_spacing,3,True,False,False
VINERED,BROCTON,BROCTON,13099,ROUGE,VITIS INTERSPECIFIC CROSSING,,69.5,0.0,30.5,0.0,0.0,True,51.6,0.3,48.2,0.0,0.0,True,51.6,0.3,48.2,0.0,0.0,True,51.6,0.3,48.2,0.0,0.0,7.18,17.9,0.9282,moderate,ancestry_only,M1_exact|M3_umlaut|M4_hybrid_spacing,M1_exact|M3_umlaut|M4_hybrid_spacing,M1_exact|M3_umlaut|M4_hybrid_spacing,3,False,False,False
WAPANUKA,ROMMEL,BRILLIANT,13202,BLANC,VITIS INTERSPECIFIC CROSSING,,30.4,9.9,59.7,0.0,0.0,True,43.2,0.0,56.8,0.0,0.0,True,50.6,0.0,49.4,0.0,0.0,True,46.9,0.0,53.1,0.0,0.0,6.6,16.5,0.934,moderate,ancestry_only,M1_exact|M3_umlaut|M4_hybrid_spacing,M1_exact|M3_umlaut|M4_hybrid_spacing,M1_exact|M3_umlaut|M4_hybrid_spacing,3,False,False,False
WAYNE,MILLS,ONTARIO,13210,NOIR,VITIS INTERSPECIFIC CROSSING,,56.5,6.6,36.9,0.0,0.0,True,49.4,34.6,15.8,0.0,0.1,True,45.5,0.0,54.5,0.0,0.0,True,47.45,17.3,35.15,0.0,0.05,4.31,10.7,0.9569,strong,ancestry_only,M1_exact|M3_umlaut|M4_hybrid_spacing,M1_exact|M3_umlaut|M4_hybrid_spacing,M1_exact|M3_umlaut|M4_hybrid_spacing,3,False,False,True
WESTFIELD,HERBERT,CONCORD SEEDLESS,13220,NOIR,VITIS INTERSPECIFIC CROSSING,,55.8,33.8,10.4,0.0,0.0,True,50.0,1.0,49.0,0.0,0.0,True,49.4,0.0,50.6,0.0,0.0,True,49.7,0.5,49.8,0.0,0.0,15.76,39.4,0.8424,weak,ancestry_only,M1_exact|M3_umlaut|M4_hybrid_spacing,M1_exact|M3_umlaut|M4_hybrid_spacing,M1_exact|M3_umlaut|M4_hybrid_spacing,3,False,False,False
WITBERGER,SCHIAVA GROSSA,RIESLING WEISS,13258,BLANC,VITIS VINIFERA LINNÉ SUBSP. SATIVA (DE CANDOLLE) HEGI,view,100.0,0.0,0.0,0.0,0.0,True,100.0,0.0,0.0,0.0,0.0,True,99.6,0.0,0.0,0.4,0.0,True,99.8,0.0,0.0,0.2,0.0,0.08,0.2,0.9992,strong,ancestry_only,M5_fuzzy(r=0.947),M1_exact|M3_umlaut|M4_hybrid_spacing,M2_alias,1,False,False,False
WOODRUFF,CATAWBA,CONCORD,13262,ROUGE,VITIS INTERSPECIFIC CROSSING,,50.0,0.3,49.7,0.0,0.0,True,69.7,1.1,29.2,0.0,0.0,True,28.4,0.0,71.6,0.0,0.0,True,49.05,0.55,50.4,0.0,0.0,0.38,0.95,0.9962,strong,ancestry_only,M1_exact|M3_umlaut|M4_hybrid_spacing,M1_exact|M3_umlaut|M4_hybrid_spacing,M1_exact|M3_umlaut|M4_hybrid_spacing,3,False,False,False
XLNTA,AMERICA,R.W. MUNSON,13282,NOIR,VITIS INTERSPECIFIC CROSSING,,29.5,16.6,53.9,0.0,0.0,True,1.6,34.6,63.5,0.0,0.3,True,34.9,1.1,64.1,0.0,0.0,True,18.25,17.85,63.8,0.0,0.15,4.51,11.25,0.9549,strong,ancestry_only,M1_exact|M3_umlaut|M4_hybrid_spacing,M1_exact|M3_umlaut|M4_hybrid_spacing,M1_exact|M3_umlaut|M4_hybrid_spacing,3,False,False,False
YATES,MILLS,ONTARIO,13316,ROUGE,VITIS INTERSPECIFIC CROSSING,,60.0,0.0,40.0,0.0,0.0,True,49.4,34.6,15.8,0.0,0.1,True,45.5,0.0,54.5,0.0,0.0,True,47.45,17.3,35.15,0.0,0.05,6.95,17.3,0.9305,moderate,ancestry_only,M1_exact|M3_umlaut|M4_hybrid_spacing,M1_exact|M3_umlaut|M4_hybrid_spacing,M1_exact|M3_umlaut|M4_hybrid_spacing,3,False,False,True
AUTUMN BLACK,CALMERIA,BLACK ROSE,14166,NOIR,VITIS VINIFERA LINNÉ SUBSP. SATIVA (DE CANDOLLE) HEGI,view,100.0,0.0,0.0,0.0,0.0,True,100.0,0.0,0.0,0.0,0.0,True,100.0,0.0,0.0,0.0,0.0,True,100.0,0.0,0.0,0.0,0.0,0.0,0.0,1.0,strong,SSR/SNP+ancestry,M1_exact|M3_umlaut|M4_hybrid_spacing,M1_exact|M3_umlaut|M4_hybrid_spacing,M5_fuzzy(r=0.947),1,False,False,True
BOKAY,CAPTAIN,TERRET BLANC,14472,BLANC,VITIS INTERSPECIFIC CROSSING,,62.7,11.4,26.0,0.0,0.0,True,20.3,21.8,57.8,0.1,0.0,True,99.8,0.2,0.0,0.0,0.0,True,60.05,11.0,28.9,0.05,0.0,1.2,2.9,0.988,strong,ancestry_only,M1_exact|M3_umlaut|M4_hybrid_spacing,M1_exact|M3_umlaut|M4_hybrid_spacing,M1_exact|M3_umlaut|M4_hybrid_spacing,3,False,False,False
DIX,AMERICA,BAILEY,14476,NOIR,VITIS INTERSPECIFIC CROSSING,,48.2,34.5,16.6,0.0,0.7,True,1.6,34.6,63.5,0.0,0.3,True,38.6,1.5,59.9,0.0,0.0,True,20.1,18.05,61.7,0.0,0.15,18.04,45.1,0.8196,weak,ancestry_only,M1_exact|M3_umlaut|M4_hybrid_spacing,M1_exact|M3_umlaut|M4_hybrid_spacing,M1_exact|M3_umlaut|M4_hybrid_spacing,3,False,False,False
NAPKA,SALEM,BETA,14488,NOIR,VITIS INTERSPECIFIC CROSSING,,12.0,62.6,25.4,0.0,0.0,True,50.3,0.0,49.7,0.0,0.0,True,29.9,0.0,70.1,0.0,0.0,True,40.1,0.0,59.9,0.0,0.0,25.04,62.6,0.7496,conflicting,ancestry_only,M1_exact|M3_umlaut|M4_hybrid_spacing,M1_exact|M3_umlaut|M4_hybrid_spacing,M1_exact|M3_umlaut|M4_hybrid_spacing,3,False,False,True
OSBU,BETA,AGAWAM,14489,ROUGE,VITIS INTERSPECIFIC CROSSING,,17.5,48.6,33.9,0.0,0.0,True,29.9,0.0,70.1,0.0,0.0,True,50.0,1.0,49.0,0.0,0.0,True,39.95,0.5,59.55,0.0,0.0,19.24,48.1,0.8076,weak,ancestry_only,M1_exact|M3_umlaut|M4_hybrid_spacing,M1_exact|M3_umlaut|M4_hybrid_spacing,M1_exact|M3_umlaut|M4_hybrid_spacing,3,False,True,False
WACHEPA,LADY WASHINGTON,BETA,14502,BLANC,VITIS INTERSPECIFIC CROSSING,,18.7,45.1,36.1,0.0,0.0,True,9.0,18.1,5.1,28.2,39.7,False,29.9,0.0,70.1,0.0,0.0,True,19.45,9.05,37.6,14.1,19.85,14.45,36.05,0.8555,weak,ancestry_only,M1_exact|M3_umlaut|M4_hybrid_spacing,M1_exact|M3_umlaut|M4_hybrid_spacing,M1_exact|M3_umlaut|M4_hybrid_spacing,3,False,False,True
WECOTA,LADY WASHINGTON,BETA,14503,BLANC,VITIS INTERSPECIFIC CROSSING,,16.4,51.8,31.8,0.0,0.0,True,9.0,18.1,5.1,28.2,39.7,False,29.9,0.0,70.1,0.0,0.0,True,19.45,9.05,37.6,14.1,19.85,17.11,42.75,0.8289,weak,ancestry_only,M1_exact|M3_umlaut|M4_hybrid_spacing,M1_exact|M3_umlaut|M4_hybrid_spacing,M1_exact|M3_umlaut|M4_hybrid_spacing,3,False,False,True
DELICATESSEN,R.W. MUNSON,DELICIOUS,14843,NOIR,VITIS INTERSPECIFIC CROSSING,,31.8,24.0,44.1,0.0,0.0,True,34.9,1.1,64.1,0.0,0.0,True,62.7,24.7,12.6,0.0,0.0,True,48.8,12.9,38.35,0.0,0.0,6.77,17.0,0.9323,moderate,ancestry_only,M1_exact|M3_umlaut|M4_hybrid_spacing,M1_exact|M3_umlaut|M4_hybrid_spacing,M1_exact|M3_umlaut|M4_hybrid_spacing,3,False,False,True
FLORA,SEMILLON,GEWUERZTRAMINER,15218,ROSE,VITIS VINIFERA LINNÉ SUBSP. SATIVA (DE CANDOLLE) HEGI,view,100.0,0.0,0.0,0.0,0.0,True,100.0,0.0,0.0,0.0,0.0,True,100.0,0.0,0.0,0.0,0.0,True,100.0,0.0,0.0,0.0,0.0,0.0,0.0,1.0,strong,SSR/SNP+ancestry,M1_exact|M3_umlaut|M4_hybrid_spacing,M1_exact|M3_umlaut|M4_hybrid_spacing,M5_fuzzy(r=0.966),1,True,False,False
GASCONADE,CAPTAIN,TERRET BLANC,15219,NOIR,VITIS INTERSPECIFIC CROSSING,,55.9,15.4,28.7,0.0,0.0,True,20.3,21.8,57.8,0.1,0.0,True,99.8,0.2,0.0,0.0,0.0,True,60.05,11.0,28.9,0.05,0.0,1.76,4.4,0.9824,strong,ancestry_only,M1_exact|M3_umlaut|M4_hybrid_spacing,M1_exact|M3_umlaut|M4_hybrid_spacing,M1_exact|M3_umlaut|M4_hybrid_spacing,3,False,False,False
ILLINOIS 796- 4,MUNSON,VICTORIA'S CHOICE,15376,NOIR,VITIS INTERSPECIFIC CROSSING,,28.8,38.5,32.0,0.1,0.6,True,24.9,19.0,56.1,0.0,0.0,True,0.0,0.0,100.0,0.0,0.0,True,12.45,9.5,78.05,0.0,0.0,18.42,46.05,0.8158,weak,ancestry_only,M5_fuzzy(r=0.938),M1_exact|M3_umlaut|M4_hybrid_spacing,M1_exact|M3_umlaut|M4_hybrid_spacing,1,False,False,False
GREEN MOUNTAIN,NIAGARA,DELAWARE,15705,BLANC,VITIS INTERSPECIFIC CROSSING,,38.9,0.5,60.6,0.0,0.0,True,50.3,0.5,49.2,0.0,0.0,True,46.1,24.9,29.0,0.0,0.0,True,48.2,12.7,39.1,0.0,0.0,8.6,21.5,0.914,moderate,ancestry_only,M1_exact|M3_umlaut|M4_hybrid_spacing,M1_exact|M3_umlaut|M4_hybrid_spacing,M1_exact|M3_umlaut|M4_hybrid_spacing,3,False,False,False
VINELAND 64237,VINCENT,DE CHAUNAC,15917,NOIR,VITIS INTERSPECIFIC CROSSING,,47.4,36.1,16.4,0.2,0.0,True,50.0,0.0,50.0,0.0,0.0,True,2.7,49.2,47.0,0.4,0.7,True,26.35,24.6,48.5,0.2,0.35,13.0,32.1,0.87,weak,ancestry_only,M1_exact|M3_umlaut|M4_hybrid_spacing,M1_exact|M3_umlaut|M4_hybrid_spacing,M1_exact|M3_umlaut|M4_hybrid_spacing,3,False,False,False
GARANOIR,GAMAY NOIR,REICHENSTEINER,16870,NOIR,VITIS VINIFERA LINNÉ SUBSP. SATIVA (DE CANDOLLE) HEGI,view,100.0,0.0,0.0,0.0,0.0,True,100.0,0.0,0.0,0.0,0.0,True,100.0,0.0,0.0,0.0,0.0,True,100.0,0.0,0.0,0.0,0.0,0.0,0.0,1.0,strong,SSR/SNP+ancestry,M1_exact|M3_umlaut|M4_hybrid_spacing,M2_alias,M1_exact|M3_umlaut|M4_hybrid_spacing,1,False,False,False
FLORILUSH,DOG RIDGE,TAMPA,16887,NOIR,VITIS INTERSPECIFIC CROSSING,,100.0,0.0,0.0,0.0,0.0,True,0.0,49.4,50.6,0.0,0.0,True,24.2,0.0,75.8,0.0,0.0,True,12.1,24.7,63.2,0.0,0.0,35.16,87.9,0.6484,conflicting,ancestry_only,M1_exact|M3_umlaut|M4_hybrid_spacing,M5_fuzzy(r=0.941),M1_exact|M3_umlaut|M4_hybrid_spacing,1,False,False,False
NESBITT,FRY,COWART,16905,NOIR,MUSCADINIA ROTUNDIFOLIA MICHAUX VAR. ROTUNDIFOLIA,view,0.0,0.0,0.0,100.0,0.0,True,0.3,0.0,0.0,99.7,0.0,True,0.0,0.0,0.0,100.0,0.0,True,0.15,0.0,0.0,99.85,0.0,0.06,0.15,0.9994,strong,SSR/SNP+ancestry,M1_exact|M3_umlaut|M4_hybrid_spacing,M1_exact|M3_umlaut|M4_hybrid_spacing,M1_exact|M3_umlaut|M4_hybrid_spacing,3,False,False,False
MISSBLUE,DOG RIDGE,MOORE EARLY,16926,NOIR,VITIS INTERSPECIFIC CROSSING,,62.0,4.1,33.4,0.3,0.1,True,0.0,49.4,50.6,0.0,0.0,True,50.0,0.5,49.5,0.0,0.0,True,25.0,24.95,50.05,0.0,0.0,14.98,37.0,0.8502,weak,ancestry_only,M5_fuzzy(r=0.941),M5_fuzzy(r=0.941),M1_exact|M3_umlaut|M4_hybrid_spacing,1,False,False,False
RUBAIYAT,SEIBEL 5437,BAILEY,16927,NOIR,VITIS INTERSPECIFIC CROSSING,,49.0,15.3,35.7,0.0,0.0,True,57.5,26.8,15.7,0.0,0.0,True,38.6,1.5,59.9,0.0,0.0,True,48.05,14.15,37.8,0.0,0.0,0.84,2.1,0.9916,strong,ancestry_only,M1_exact|M3_umlaut|M4_hybrid_spacing,M1_exact|M3_umlaut|M4_hybrid_spacing,M1_exact|M3_umlaut|M4_hybrid_spacing,3,False,False,False
SEIBEL 874,SEIBEL 2,GANZIN 1,18114,NOIR,VITIS INTERSPECIFIC CROSSING,,34.2,0.0,65.8,0.0,0.0,True,48.4,0.0,51.6,0.0,0.0,True,50.0,49.9,0.0,0.1,0.0,True,49.2,24.95,25.8,0.05,0.0,16.0,40.0,0.84,weak,ancestry_only,M5_fuzzy(r=0.952),M1_exact|M3_umlaut|M4_hybrid_spacing,M1_exact|M3_umlaut|M4_hybrid_spacing,1,False,False,False
WETONKA,SALEM,BETA,19001,NOIR,VITIS INTERSPECIFIC CROSSING,,9.0,19.3,6.4,29.6,35.6,False,50.3,0.0,49.7,0.0,0.0,True,29.9,0.0,70.1,0.0,0.0,True,40.1,0.0,59.9,0.0,0.0,33.82,53.5,0.6618,conflicting,ancestry_only,M1_exact|M3_umlaut|M4_hybrid_spacing,M1_exact|M3_umlaut|M4_hybrid_spacing,M1_exact|M3_umlaut|M4_hybrid_spacing,3,False,False,True
HELENA,ITALIA,RUBY SEEDLESS,22306,BLANC,VITIS VINIFERA LINNÉ SUBSP. SATIVA (DE CANDOLLE) HEGI,,100.0,0.0,0.0,0.0,0.0,True,100.0,0.0,0.0,0.0,0.0,True,100.0,0.0,0.0,0.0,0.0,True,100.0,0.0,0.0,0.0,0.0,0.0,0.0,1.0,strong,ancestry_only,M1_exact|M3_umlaut|M4_hybrid_spacing,M1_exact|M3_umlaut|M4_hybrid_spacing,M1_exact|M3_umlaut|M4_hybrid_spacing,3,True,False,False
BLANCA NIEVE,ITALIA,AURELIA,22533,,VITIS INTERSPECIFIC CROSSING,,0.0,100.0,0.0,0.0,0.0,True,100.0,0.0,0.0,0.0,0.0,True,79.2,18.7,1.7,0.0,0.4,True,89.6,9.35,0.85,0.0,0.2,36.26,90.65,0.6374,conflicting,ancestry_only,M5_fuzzy(r=0.960),M1_exact|M3_umlaut|M4_hybrid_spacing,M1_exact|M3_umlaut|M4_hybrid_spacing,1,False,False,False
TRIPLETT 30- 47,RUBY CABERNET,CALZIN,25467,NOIR,VITIS VINIFERA LINNÉ SUBSP. SATIVA (DE CANDOLLE) HEGI,,100.0,0.0,0.0,0.0,0.0,True,100.0,0.0,0.0,0.0,0.0,True,100.0,0.0,0.0,0.0,0.0,True,100.0,0.0,0.0,0.0,0.0,0.0,0.0,1.0,strong,ancestry_only,M3_umlaut|M4_hybrid_spacing,M1_exact|M3_umlaut|M4_hybrid_spacing,M1_exact|M3_umlaut|M4_hybrid_spacing,2,False,False,False
TRIPLETT 158- 8 B,COLOMBARD,CHENIN BLANC,25482,BLANC,VITIS VINIFERA LINNÉ SUBSP. SATIVA (DE CANDOLLE) HEGI,,100.0,0.0,0.0,0.0,0.0,True,100.0,0.0,0.0,0.0,0.0,True,100.0,0.0,0.0,0.0,0.0,True,100.0,0.0,0.0,0.0,0.0,0.0,0.0,1.0,strong,ancestry_only,M5_fuzzy(r=0.938),M1_exact|M3_umlaut|M4_hybrid_spacing,M1_exact|M3_umlaut|M4_hybrid_spacing,1,False,False,False
TRIPLETT 181- 7 A,COLOMBARD,MALVASIA BIANCA,25483,BLANC,VITIS VINIFERA LINNÉ SUBSP. SATIVA (DE CANDOLLE) HEGI,,100.0,0.0,0.0,0.0,0.0,True,100.0,0.0,0.0,0.0,0.0,True,100.0,0.0,0.0,0.0,0.0,True,100.0,0.0,0.0,0.0,0.0,0.0,0.0,1.0,strong,ancestry_only,M5_fuzzy(r=0.938),M1_exact|M3_umlaut|M4_hybrid_spacing,M1_exact|M3_umlaut|M4_hybrid_spacing,1,False,False,False
TRIPLETT T 34- 1,CLAIRETTE BLANCHE,COLOMBARD,25484,BLANC,VITIS VINIFERA LINNÉ SUBSP. SATIVA (DE CANDOLLE) HEGI,,100.0,0.0,0.0,0.0,0.0,True,99.7,0.0,0.0,0.3,0.0,True,100.0,0.0,0.0,0.0,0.0,True,99.85,0.0,0.0,0.15,0.0,0.06,0.15,0.9994,strong,ancestry_only,M5_fuzzy(r=0.933),M1_exact|M3_umlaut|M4_hybrid_spacing,M1_exact|M3_umlaut|M4_hybrid_spacing,1,False,False,False
TRIPLETT T 182- 4,MALVASIA BIANCA,COLOMBARD,25486,BLANC,VITIS VINIFERA LINNÉ SUBSP. SATIVA (DE CANDOLLE) HEGI,,99.9,0.0,0.0,0.0,0.1,True,100.0,0.0,0.0,0.0,0.0,True,100.0,0.0,0.0,0.0,0.0,True,100.0,0.0,0.0,0.0,0.0,0.04,0.1,0.9996,strong,ancestry_only,M5_fuzzy(r=0.938),M1_exact|M3_umlaut|M4_hybrid_spacing,M1_exact|M3_umlaut|M4_hybrid_spacing,1,False,False,False
